source_instance,method,runs,feasible_runs,feasible_rate,infeasible_runs,feasible_vehicle_count_mean,feasible_vehicle_count_median,feasible_vehicle_count_std,feasible_total_distance_mean,feasible_total_distance_median,feasible_total_distance_std,feasible_truck_distance_mean,feasible_truck_distance_median,feasible_truck_distance_std,feasible_drone_distance_mean,feasible_drone_distance_median,feasible_drone_distance_std,feasible_completion_time_mean,feasible_completion_time_median,feasible_completion_time_std,feasible_charging_count_mean,feasible_charging_count_median,feasible_charging_count_std,feasible_charging_time_mean,feasible_charging_time_median,feasible_charging_time_std,feasible_waiting_time_mean,feasible_waiting_time_median,feasible_waiting_time_std,feasible_truck_waiting_time_mean,feasible_truck_waiting_time_median,feasible_truck_waiting_time_std,feasible_drone_waiting_time_mean,feasible_drone_waiting_time_median,feasible_drone_waiting_time_std,feasible_petal_score_mean,feasible_petal_score_median,feasible_petal_score_std,feasible_crossing_count_mean,feasible_crossing_count_median,feasible_crossing_count_std,feasible_paper_cost_mean,feasible_paper_cost_median,feasible_paper_cost_std,runtime_mean,runtime_median,runtime_std,runtime_max,runtime_gt_500_count,runtime_gt_1000_count
C101,ALNS,12,4,33.333,8,9.0,9.0,0.0,1056.818485,1058.851069,15.393399,974.335976,977.738435,15.552481,82.48251,83.852385,2.73975,1098.540926,1098.540926,0.0,11.25,11.5,3.201562,269.844498,238.971975,127.191769,4539.629881,4562.304258,68.979285,3921.670878,3944.345255,68.979285,617.959003,617.959003,0.0,964.302393,900.374197,191.287211,18.75,17.5,3.774917,2616.060205,2601.441167,103.521097,997.810454,91.100706,3127.622727,10929.261842,1,1
C101,GA,12,4,33.333,8,5.75,6.0,0.5,1094.484442,1119.745399,54.060522,912.72603,919.925111,63.427977,181.758411,155.016622,64.162513,1101.743772,1102.811388,2.135231,12.5,12.0,2.645751,346.960727,331.658069,106.752543,1995.472884,1926.529087,225.139112,1759.208597,1836.185255,168.684764,236.264287,70.150568,384.722148,1379.127988,1370.391326,332.051957,26.75,26.5,6.652067,1999.379462,1996.810027,116.725121,73.002336,72.301811,17.043708,95.948919,0,0
C101,Hybrid,12,4,33.333,8,5.5,5.5,0.57735,1088.223049,1094.915896,50.923112,853.657205,869.933013,88.892709,234.565843,237.048399,89.862225,1102.811388,1102.811388,0.0,11.25,11.5,2.061553,312.003117,280.418283,123.057804,2090.113044,2088.126321,214.474588,1752.446814,1778.361235,196.477461,337.66623,272.954454,403.969818,1223.315032,1302.328964,447.065282,23.5,25.0,8.962886,2007.170985,1971.865014,89.744385,63.488062,63.441074,5.108074,73.30088,0,0
R101,ALNS,12,12,100.0,0,9.583333,10.0,0.514929,782.233274,778.51378,34.062,696.979144,678.394644,56.644102,85.25413,96.420389,44.418408,210.442636,212.263362,12.840739,3.5,3.0,1.445998,77.238857,53.955169,53.820774,657.385572,692.137567,164.521189,644.527228,692.137567,151.121358,12.858344,0.0,27.755376,646.70632,610.175152,228.33284,12.666667,12.0,4.53939,1027.033111,1011.127137,51.867869,90.437677,90.359068,0.411141,91.442813,0,0
R101,GA,12,8,66.667,4,8.25,8.5,0.886405,777.78524,766.008996,52.19677,670.863732,660.926768,63.310834,106.921509,104.397188,93.016804,221.356686,219.041631,7.403451,4.125,4.0,0.991031,95.472886,93.245536,51.731753,577.031342,553.578149,73.917305,563.113771,534.389421,81.388923,13.91757,0.0,31.761841,928.495492,749.597769,506.458719,18.125,14.5,10.119818,1020.995354,991.894894,59.563598,984.440674,87.413971,3129.768372,10922.699444,1,1
R101,Hybrid,12,10,83.333,2,8.8,9.0,1.032796,814.379064,820.813016,72.437473,702.602054,696.841327,80.048638,111.77701,109.877505,96.667775,213.073111,215.373714,14.501623,4.9,5.0,2.078995,84.373407,61.542254,58.581484,558.884263,564.8124,110.982025,554.539492,547.694107,108.935516,4.344772,0.0,9.986547,979.992049,898.585937,299.585335,19.1,17.5,5.989806,1039.55973,1010.121615,107.027294,63.640798,63.733504,4.421513,69.323954,0,0
RC101,ALNS,12,11,91.667,1,8.090909,8.0,0.700649,909.43592,924.840228,73.629384,851.116463,869.919655,64.291133,58.319457,61.420922,29.62705,238.038482,233.520027,15.079344,6.181818,7.0,1.88776,155.65512,117.376227,107.46053,368.278921,378.983692,93.957927,333.240266,306.186105,109.219212,35.038655,3.54102,53.247504,528.786444,567.087553,229.701031,10.272727,11.0,4.540725,1165.920433,1093.080516,145.675259,281.653678,90.190632,662.257111,2384.601612,1,1
RC101,GA,12,12,100.0,0,7.916667,8.0,0.792961,929.110956,923.358632,66.715208,856.994327,873.670032,59.001263,72.116628,59.159599,59.403963,243.856834,242.45571,18.027753,6.583333,7.0,2.274696,162.57853,154.031932,65.460157,317.385025,291.039793,134.191301,292.63968,291.039793,107.245973,24.745345,0.0,46.143354,367.028454,368.378599,102.536658,7.0,7.0,2.044949,1177.222078,1211.219104,122.393649,149.476907,61.442232,294.818908,1083.48245,1,1
RC101,Hybrid,12,12,100.0,0,7.916667,8.0,0.668558,890.057783,864.521232,74.842267,833.974972,826.846009,31.26539,56.082811,33.796906,70.501426,241.305735,237.713551,18.94838,6.25,6.5,1.864745,164.236333,127.797937,86.944973,321.271138,323.695136,95.914488,317.285178,323.695136,93.539442,3.98596,0.0,9.388706,351.858538,318.765231,152.102564,6.75,6.0,3.048845,1135.608391,1083.95923,130.874021,61.044957,59.834212,8.109481,73.821376,0,0
